{"cameraMode":{"drawMode":0,"name":"Shaded","section":"Shading Mode"},"sceneLighting":true,"audioPlay":false,"sceneViewState":{"showFog":true,"showMaterialUpdate":false,"showSkybox":true,"showFlares":true,"showImageEffects":true,"showParticleSystems":true,"showVisualEffectGraphs":true,"m_FxEnabled":true},"in2DMode":false,"pivot":{"x":-35.62541198730469,"y":-102.4759292602539,"z":129.1996612548828},"rotation":{"x":0.28198960423469546,"y":0.023789331316947938,"z":-0.007378240581601858,"w":0.9592910408973694},"size":120.90531921386719,"orthographic":false}